WorkerID|Name|Surname|DateOfBirth|PhoneNumber|Email|Gender|PESEL|JobTitle|CompanyID
1|Johnathan|Conley|1992-08-15|902113028|sramos@example.org|F|91641831332|Barber|1
2|Joseph|Ruiz|1991-10-26|161306831|daniel92@example.org|M|64984305169|Barber|1
3|Brenda|Clay|1995-12-03|917477283|alexander43@example.net|M|68832517579|Barber|1
4|Sarah|Sosa|1984-05-13|758469703|patrick19@example.com|M|82168255133|Barber|2
5|Susan|Rocha|1984-10-22|747445350|uchurch@example.com|M|92939567909|Barber|2
6|Heather|Sweeney|1963-03-14|071216487|berrycourtney@example.org|F|36882688962|Barber|2
7|Sarah|Smith|1958-08-30|790744790|isoto@example.net|F|00367442063|Barber|3
8|Dawn|Marquez|1988-12-10|379070387|davidmcdaniel@example.net|F|30819073189|Barber|3
9|Sharon|Fischer|1984-03-27|085962404|lhunt@example.com|F|25906897178|Barber|3
10|Mary|Hill|1998-04-25|188077997|fosterjeremy@example.com|F|78505764881|Barber|4
11|David|Stevens|1968-05-03|879401142|thomas55@example.org|M|76215704449|Barber|4
12|Nicholas|Callahan|1989-02-02|481621240|stephen44@example.org|F|50137852584|Barber|4
13|Rhonda|Horne|1972-04-25|043669426|raymond01@example.com|F|68508103443|Barber|5
14|Caleb|Simon|2000-10-22|846478466|mrodriguez@example.org|M|58480549358|Barber|5
15|Stephanie|Thomas|2005-07-25|021209355|jose30@example.net|M|59847885419|Barber|5
16|Robert|Bailey|1999-01-14|746188848|juankelly@example.org|F|12403712492|Barber|6
17|Lisa|Green|1984-12-14|826337995|ricardo19@example.org|F|34085410422|Barber|6
18|Emily|King|1958-11-02|391104048|danny87@example.org|M|27963275443|Barber|6
19|Roberto|Hale|1987-10-21|603503917|amy93@example.com|F|76379782820|Barber|7
20|Katherine|Smith|1964-12-16|905070715|amber12@example.com|M|31893785533|Barber|7
21|Kathy|Bryant|1986-12-18|596595902|erinchambers@example.com|F|96321425345|Barber|7
22|Mark|Larson|1969-07-11|347433852|stacycase@example.org|M|14988110855|Barber|8
23|Kristin|Horton|1987-12-24|497992941|mtaylor@example.com|M|04944316432|Barber|8
24|Jose|Thompson|1992-08-14|702042317|ortegakathy@example.com|M|37333024444|Barber|8
25|Karen|Hernandez|1982-09-28|397223153|walkeradriana@example.org|F|38467431410|Barber|9
26|Zachary|Randolph|1961-03-27|057993638|angela52@example.com|M|36775269502|Barber|9
27|Joel|Contreras|1969-01-30|682186874|kcortez@example.com|M|82258402906|Barber|9
28|Jennifer|Singleton|1958-08-14|710700386|andrewsbrandon@example.net|M|26110556806|Barber|10
29|Jane|Oneill|1999-09-02|040843637|rhill@example.com|M|86813400233|Barber|10
30|Linda|Johnston|1972-10-25|673087608|randallmarshall@example.com|F|18856499331|Barber|10
31|Regina|Casey|1975-05-12|918233223|cathythompson@example.org|M|44423558961|Barber|11
32|Jill|Smith|2004-03-17|140317803|christopher65@example.org|F|45407861997|Barber|11
33|Marcus|Shea|1990-07-31|907613493|garciadebra@example.com|M|62969988307|Barber|11
34|Nicholas|Diaz|1963-09-24|779718340|bmurray@example.org|F|79411474752|Barber|12
35|Maria|Powell|1962-05-16|042617813|jensenchristine@example.com|M|70709133528|Barber|12
36|Adam|Carroll|1989-07-17|491690869|hopkinsangela@example.net|M|04623893629|Barber|12
37|Kimberly|Walton|1973-06-11|559177201|imartin@example.org|F|21158068570|Barber|13
38|Jennifer|Wise|1998-06-14|698559607|steven99@example.net|F|12021872692|Barber|13
39|Keith|Lopez|1968-07-04|489221923|christina93@example.net|M|32074396031|Barber|13
40|Amanda|Brown|1966-01-12|621396682|fbrooks@example.com|F|70402243959|Barber|14
41|Andrew|Lozano|1965-06-11|910851062|abigail36@example.org|F|23672563084|Barber|14
42|Taylor|Bradley|1991-02-10|825272255|lauren88@example.net|F|85980383932|Barber|14
43|Spencer|Brown|1996-11-23|961391447|vdrake@example.org|M|51829919821|Barber|15
44|Katherine|Fuller|1972-10-31|338032168|amanda07@example.net|M|11646238497|Barber|15
45|Lisa|Wright|1988-04-29|219388777|larsenjoy@example.net|F|49817308232|Barber|15
46|Marissa|Walls|2005-02-20|783915737|morrowtara@example.org|F|71390490214|Barber|16
47|David|Richard|1965-11-08|499631122|kim70@example.com|M|65862384770|Barber|16
48|Lisa|Spencer|1988-02-02|984271486|iwilliams@example.net|F|01397211092|Barber|16
49|Katrina|Williams|1990-07-23|063622559|qdawson@example.org|M|62250201124|Barber|17
50|Robert|Parker|1963-02-02|732486210|brennankristi@example.com|M|04273391262|Barber|17
51|Justin|Pierce|2000-09-07|508990853|cerickson@example.org|M|69347732811|Barber|17
52|Grace|Ortega|1996-06-30|904787327|qanderson@example.org|F|07011910727|Barber|18
53|Taylor|Beasley|1995-08-25|413871679|mercedesroberts@example.com|F|50324641138|Barber|18
54|Jasmine|Peterson|1960-11-08|591045457|eduardo23@example.net|M|77870208667|Barber|18
55|Cody|Smith|1982-10-29|789257879|stephen67@example.net|M|61303106091|Barber|19
56|Amber|Wallace|1959-01-12|915786828|ibrown@example.org|M|56872007625|Barber|19
57|Tamara|Ortega|2002-11-29|557532625|ostone@example.net|F|77737293773|Barber|19
58|Matthew|Padilla|1963-03-04|234842320|josephhudson@example.net|F|91781791475|Barber|20
59|Yolanda|Ortega|1966-05-05|515763305|tranfrederick@example.org|F|36275011905|Barber|20
60|Christine|Rivera|1986-08-31|365190796|donnaharris@example.org|M|38929784273|Barber|20
61|Michael|Garcia|1996-11-17|011475213|thomas57@example.org|F|81389654908|Barber|21
62|Charles|Wang|1977-05-21|323624200|burkejames@example.org|M|47143120105|Barber|21
63|Alan|Barrett|1964-03-15|874718917|drichards@example.org|F|68574495430|Barber|21
64|James|Gray|1996-08-02|454466808|briancurtis@example.com|M|14015667399|Barber|22
65|Dana|Wells|1965-09-30|568512963|david78@example.com|F|15381073230|Barber|22
66|Melissa|Clark|2001-07-29|433695135|wendy27@example.com|F|34826747925|Barber|22
67|Teresa|Nunez|1986-09-21|865244543|jonathan76@example.com|M|18066743446|Barber|23
68|Frances|Rush|1991-01-10|868271529|andrewcraig@example.org|M|85127123925|Barber|23
69|Edward|Estrada|2005-12-16|426030676|ryoung@example.com|M|22564317461|Barber|23
70|Anthony|Avila|1960-09-15|947966903|timothy16@example.com|F|14056553689|Barber|24
71|Gary|George|1997-12-05|419181269|lauren57@example.net|M|77720439268|Barber|24
72|Kimberly|Hampton|1985-08-30|309125319|terrydaniel@example.org|F|34960054273|Barber|24
73|Ronald|Avila|1992-09-15|653855935|scottmoore@example.com|F|72425807522|Barber|25
74|Rebecca|Reid|1966-07-29|369625848|jennifer15@example.com|M|16237110584|Barber|25
75|Tina|Edwards|1959-05-24|162971261|lreed@example.com|M|17490740050|Barber|25
76|Anthony|Anderson|1995-10-11|411240935|lewisvictoria@example.org|F|13033429425|Barber|26
77|Ashley|Beasley|1999-07-12|865532114|clarkjake@example.com|F|49421407362|Barber|26
78|Wendy|Allen|1986-08-06|440244642|katrinaparks@example.org|M|67450591481|Barber|26
79|Victoria|Mitchell|2000-03-02|307432422|nicoleorozco@example.com|M|45360287575|Barber|27
80|Robert|Cain|1965-08-24|464880366|brittany04@example.com|M|88480714904|Barber|27
81|Christopher|Reed|1993-09-14|939643640|phillipserin@example.org|M|93536731894|Barber|27
82|Michael|Walls|1975-01-14|713821358|leblancricky@example.net|M|12843008610|Barber|28
83|Paula|Mccullough|1960-02-15|003166555|robert70@example.net|M|18496627164|Barber|28
84|Ashley|Long|1972-12-21|124760286|smithkatrina@example.net|M|01101648608|Barber|28
85|Leslie|Yu|1981-05-31|036877971|gonzalezpatricia@example.com|M|49711986751|Barber|29
86|Robert|Patel|1983-08-12|020098194|bryancraig@example.org|M|09561996104|Barber|29
87|Rachel|Oneal|1992-12-26|752682468|brettcarter@example.com|M|27147379378|Barber|29
88|Carol|Brown|1967-02-07|663983288|brownjudy@example.net|M|87188681860|Barber|30
89|Curtis|Clark|2003-12-24|003057957|ryankristin@example.com|F|55807401077|Barber|30
90|Mary|Hopkins|1968-04-26|703639966|cdunn@example.com|M|39267591682|Barber|30
91|Paula|Zamora|1988-10-31|195927756|rodriguezmaria@example.net|F|33674912676|Therapist|31
92|Jeremy|Andrews|1995-10-20|391837303|andrewcarroll@example.net|M|11861827573|Therapist|31
93|Austin|Russell|1990-03-25|197586144|ryan15@example.com|F|50467692615|Therapist|31
94|Zachary|Ross|2004-11-27|478853993|willisdavid@example.com|M|49855926656|Therapist|32
95|Amanda|Reed|1986-07-24|311029595|staffordmonica@example.com|F|47026682845|Therapist|32
96|Kim|Fisher|1988-01-15|219923195|colinbaird@example.net|M|64469642675|Therapist|32
97|Ashley|Miller|1991-04-27|386438386|shawnjackson@example.com|M|86024367765|Therapist|33
98|Brent|Blackwell|1973-06-07|353013641|bradleyholmes@example.net|M|75365725966|Therapist|33
99|Susan|Gordon|1991-06-05|229000294|tparker@example.net|M|32291772385|Therapist|33
100|Paul|Weeks|1994-12-03|409029419|nyang@example.org|F|04154694475|Therapist|34
101|Michael|Thomas|1989-08-11|907016336|laura89@example.org|F|78135293976|Therapist|34
102|Cynthia|Perez|1985-03-18|882861862|cheryl22@example.com|M|35865395467|Therapist|34
103|Molly|Watson|1994-10-30|591151659|markwaters@example.com|M|55726642186|Therapist|35
104|Scott|Schwartz|1959-12-21|206397013|michellecohen@example.net|F|69105511522|Therapist|35
105|Marvin|Mcdaniel|1960-10-24|409870849|imcdonald@example.org|M|23078656491|Therapist|35
106|Brian|Avila|2004-01-14|233301016|eric02@example.net|M|63520140210|Therapist|36
107|Jerry|Salas|1972-06-13|077353355|stevenbrennan@example.org|M|05881032266|Therapist|36
108|Catherine|Suarez|2004-07-19|860669973|angela07@example.org|M|04207122252|Therapist|36
109|Shannon|Thompson|2004-11-16|458393064|jason30@example.com|F|00461594726|Therapist|37
110|Gail|Nguyen|1959-12-02|849777948|terrenceshelton@example.net|M|59945075128|Therapist|37
111|Mark|Bailey|2001-07-25|407192896|christophermarks@example.net|F|71073025087|Therapist|37
112|Darren|Miles|1973-03-22|855649280|shannonbaker@example.net|F|12690437519|Therapist|38
113|Jonathan|Smith|1982-08-06|024427462|taylorrachel@example.net|M|92919229250|Therapist|38
114|Robert|Terry|1995-10-06|661771408|mdaniels@example.com|F|16585421673|Therapist|38
115|Bobby|Cole|1980-03-11|310817233|joseph14@example.net|M|99635153479|Therapist|39
116|Jasmine|Price|2005-12-27|412335724|richard46@example.com|M|53003193852|Therapist|39
117|Tim|Hall|1960-09-03|230016640|rebeccabradley@example.org|M|28049105543|Therapist|39
118|Jacqueline|Nguyen|1984-03-06|888421579|ohunter@example.net|M|03669206291|Therapist|40
119|Stephanie|Miller|1976-04-24|175358833|tcabrera@example.com|M|97728590205|Therapist|40
120|Holly|Moody|1969-07-21|728489326|vazquezantonio@example.org|M|28930413450|Therapist|40
121|Paul|Allen|2006-03-24|143761157|david25@example.org|F|81408532794|Therapist|41
122|Scott|Ramirez|1980-06-28|356898680|whitedaniel@example.net|F|65978112455|Therapist|41
123|Gabriela|Rhodes|1975-07-18|720772059|pamela46@example.com|F|28434108157|Therapist|41
124|Meghan|Kim|2002-04-05|460137435|michele52@example.com|F|64801477280|Therapist|42
125|Timothy|Brown|2001-07-10|359178683|hayesjohn@example.com|F|65864030110|Therapist|42
126|Sandra|Morgan|1982-03-20|615723671|ohenry@example.net|F|33920159951|Therapist|42
127|Anthony|Mccormick|2000-03-11|994706075|mdunn@example.org|F|00095910432|Therapist|43
128|Tiffany|Price|1985-10-03|153891606|jennifer18@example.net|F|36750064567|Therapist|43
129|Cassandra|Morales|1967-01-24|134124679|porteralyssa@example.net|M|95489312155|Therapist|43
130|Melissa|Salinas|1994-06-11|222156517|ebarnes@example.org|M|93939452179|Therapist|44
131|Jeffery|Olson|2003-09-27|347224328|ywilliams@example.net|F|76560601368|Therapist|44
132|Carol|Decker|1965-07-22|016034054|ruizbobby@example.org|F|90666729458|Therapist|44
133|Kenneth|Waters|1976-06-19|291519977|burnssue@example.com|M|65382117504|Therapist|45
134|Maria|Garcia|1979-12-25|407765774|thomasroman@example.com|F|58558897064|Therapist|45
135|Rebecca|Moran|1990-11-02|806578011|mwolf@example.net|F|70467029292|Therapist|45
136|Mark|Nguyen|1960-03-11|326800857|ashleyjordan@example.com|M|28584922497|Therapist|46
137|Stephanie|Williams|1968-06-07|038367214|jerryroberson@example.org|M|32259441117|Therapist|46
138|Amanda|Petty|1994-10-29|876547145|fpetersen@example.net|M|18849294284|Therapist|46
139|Nicole|Nelson|1998-04-28|882577979|rebecca12@example.com|M|14813014053|Therapist|47
140|Jamie|Conley|1988-02-09|050544683|pagemary@example.net|M|79907133838|Therapist|47
141|Alexandria|Gonzalez|1960-08-12|120438161|carrie25@example.org|M|52294889456|Therapist|47
142|Lisa|Norman|1987-02-10|488510384|davidsonderrick@example.net|F|31342477400|Therapist|48
143|Sara|Randall|1996-08-18|207308045|ericrios@example.net|F|93266542684|Therapist|48
144|Danielle|Meyer|1971-01-28|597938421|bmeyer@example.com|F|89770096580|Therapist|48
145|Ricky|Parks|2003-12-12|856579056|pbyrd@example.com|M|16259548846|Therapist|49
146|Miranda|Flores|2001-05-30|780881696|dadams@example.net|F|35053273709|Therapist|49
147|Andrea|Stanton|2002-09-20|462752256|hernandezdylan@example.com|F|72413219593|Therapist|49
148|Rebecca|Wright|1984-11-01|506107261|joshuaduke@example.com|F|93846102859|Therapist|50
149|Jacob|Moran|1989-05-23|331703232|melanieshah@example.com|F|69535884480|Therapist|50
150|Beverly|Griffin|1999-12-20|830731343|hannahharris@example.org|F|34842314025|Therapist|50
151|Robin|Mendez|2003-09-15|061452427|john87@example.net|F|71256820824|Therapist|51
152|Julie|Beasley|1994-11-19|091118642|michelleschroeder@example.com|M|48667268311|Therapist|51
153|Jessica|Bowman|1971-09-02|824994248|brandylewis@example.com|M|95322586281|Therapist|51
154|Michael|Foster|1981-12-11|943554265|kristina63@example.net|F|88713314590|Therapist|52
155|Amanda|Hansen|1975-02-06|807898833|jmcknight@example.net|M|12978186953|Therapist|52
156|Sergio|Bradford|1988-04-22|085180495|christophercharles@example.org|M|48850570610|Therapist|52
157|Katherine|Aguirre|1958-07-27|697586106|kimberly40@example.org|M|55151571267|Therapist|53
158|Cory|Gonzales|2005-08-16|395539145|david92@example.org|F|85257809574|Therapist|53
159|Cody|Hernandez|2000-11-30|737781062|teresabaker@example.org|F|18381974123|Therapist|53
160|Brian|White|1990-01-20|309357094|ortizmike@example.net|M|57102507075|Therapist|54
161|Shawna|Gutierrez|1988-01-26|714451705|louis88@example.com|F|29846541239|Therapist|54
162|Richard|Hill|1991-10-18|629147815|batesrobert@example.org|M|82471419869|Therapist|54
163|Eric|Mendoza|1971-09-08|099438272|martinchristopher@example.org|M|44870151807|Therapist|55
164|Kimberly|Scott|1991-06-08|753463001|patriciaboyd@example.net|F|84414363062|Therapist|55
165|Rita|Green|1976-07-17|196385552|johnmay@example.com|M|01345553013|Therapist|55
166|Jared|Jacobs|2002-07-12|996332044|smithtoni@example.com|F|50391478492|Therapist|56
167|David|Jackson|1979-07-04|061485377|perryrebecca@example.com|M|21776047513|Therapist|56
168|John|Rodriguez|1989-09-17|369097660|rebeccagarcia@example.org|M|91151192690|Therapist|56
169|Laura|Waters|1998-03-30|490379253|edward57@example.org|M|97667030262|Therapist|57
170|William|Norman|1959-11-05|717869387|daniel47@example.net|F|78514820490|Therapist|57
171|Brian|Marquez|1980-01-21|204848699|qsutton@example.net|M|19645642275|Therapist|57
172|Michelle|Finley|1987-03-10|258908394|christopher06@example.com|F|12751859523|Therapist|58
173|Lisa|Rowe|2002-05-20|393127641|krista15@example.net|F|14026193831|Therapist|58
174|Jessica|Brown|2003-12-02|553484066|james45@example.net|M|27426371549|Therapist|58
175|Henry|Bowers|1992-07-28|706182650|allenyoung@example.org|M|76293288749|Therapist|59
176|Joshua|Jones|1979-05-22|759593845|xthompson@example.com|F|40011663609|Therapist|59
177|Joseph|Moss|1965-01-20|785456618|dmaldonado@example.net|M|95822233873|Therapist|59
178|Lisa|Clark|1990-06-30|264051069|ryanhenderson@example.net|M|30829885474|Therapist|60
179|Jose|Robinson|1968-09-18|148352201|natasha08@example.net|F|00992154205|Therapist|60
180|Sierra|Ellis|1986-02-02|713933890|susanbryan@example.com|M|97843959512|Therapist|60
181|Rebecca|Wilson|1971-03-17|397055457|taylornancy@example.org|M|49775866969|Beautician|61
182|Dean|Davis|1989-10-14|536549557|phamcraig@example.net|F|09298371480|Beautician|61
183|Sarah|Freeman|1988-01-16|918259744|sandra22@example.net|F|50056106344|Beautician|61
184|Anthony|Martinez|1988-09-30|259464737|taustin@example.org|M|31026037201|Beautician|62
185|Marcus|Liu|1969-12-22|763791235|carrolltroy@example.com|F|47410896070|Beautician|62
186|Pamela|Mata|1972-04-15|653741272|millerchelsea@example.com|M|69269368359|Beautician|62
187|Charles|Turner|1991-03-30|743707012|ljones@example.com|F|68409996531|Beautician|63
188|Darren|Willis|1978-02-17|349648996|megangordon@example.com|M|40972763598|Beautician|63
189|Matthew|Fox|1968-01-06|966007150|frederickcheryl@example.com|M|83346753641|Beautician|63
190|Jenna|Crawford|1959-03-26|367546753|burkedaniel@example.org|M|34401830662|Beautician|64
191|Harold|Sweeney|1970-05-18|117773843|david01@example.org|M|30358653730|Beautician|64
192|Angela|Kennedy|1987-12-09|903669075|keithgray@example.org|F|34773182242|Beautician|64
193|Christopher|Arnold|1976-05-05|936551007|markshields@example.com|M|52893196702|Beautician|65
194|Ronald|Ho|1999-04-28|588513241|janetball@example.net|M|67248178876|Beautician|65
195|Robert|Collins|1999-02-19|289969508|susanestrada@example.org|F|75064993561|Beautician|65
196|Andrea|Petersen|1969-07-07|377195412|williamhall@example.net|M|83787235621|Beautician|66
197|Tammy|Rivera|1964-01-20|424935962|uwelch@example.org|M|36058882149|Beautician|66
198|Thomas|Buchanan|1987-01-12|101155845|mark10@example.com|F|30209190442|Beautician|66
199|Steven|Stewart|1987-08-02|036451611|xedwards@example.net|F|29985103174|Beautician|67
200|Phillip|Byrd|1993-11-02|136237418|johnsonsara@example.net|M|37290059991|Beautician|67
201|Susan|Mcconnell|1968-07-06|076506385|sarahsavage@example.org|M|14664064397|Beautician|67
202|Martha|Dixon|2001-06-29|597829251|williamsonzachary@example.net|F|43840559462|Beautician|68
203|Jodi|Kim|1999-08-20|269736648|shawn24@example.org|F|94384180191|Beautician|68
204|Benjamin|Webster|1992-01-22|636543214|mcmillanbrittany@example.com|F|35899810614|Beautician|68
205|Caleb|Anderson|1992-06-06|496155972|richardsonjessica@example.net|M|67393358712|Beautician|69
206|Lori|Thompson|1963-10-21|661367224|shane27@example.org|M|19195814937|Beautician|69
207|Ashley|Craig|1972-01-14|334894748|kathleen95@example.net|F|96030032193|Beautician|69
208|Ricardo|Mendoza|1976-04-19|287605905|mwilliams@example.com|F|56622330113|Beautician|70
209|Darrell|Peters|1960-08-15|586567066|vmckee@example.net|F|17986834658|Beautician|70
210|Robert|Davis|1996-05-28|313332842|pricemarcus@example.org|M|37024669745|Beautician|70
211|Dustin|Cox|1962-10-24|985178574|daniel59@example.net|F|09502812641|Beautician|71
212|Karen|Dominguez|1963-12-22|288896993|aguilarjoseph@example.com|M|53548774063|Beautician|71
213|Shelley|Pruitt|1985-12-12|053196793|ericmorris@example.org|M|25355034876|Beautician|71
214|Leah|Smith|1966-08-05|197759317|hjoyce@example.com|F|10187169963|Beautician|72
215|Ashley|Kim|1996-08-03|580778700|pattersonjonathan@example.net|F|43981344483|Beautician|72
216|James|Whitney|2002-10-18|543531834|kellyalexander@example.com|M|03691937620|Beautician|72
217|Carla|Phillips|1968-06-18|621178347|kayla65@example.org|M|08367669659|Beautician|73
218|Dennis|Phelps|1964-03-04|713421333|zacharyhampton@example.org|M|35741542139|Beautician|73
219|Jonathan|Wilson|1978-02-18|561264242|lucaslaura@example.org|M|15078563661|Beautician|73
220|Shelby|Kane|1961-01-07|064612315|brownbrianna@example.net|F|23442314998|Beautician|74
221|Jeremy|Washington|2001-06-23|925792670|hhall@example.org|M|63150714504|Beautician|74
222|Kim|Logan|1964-04-13|009472801|bryanpatricia@example.org|F|70732776235|Beautician|74
223|Lori|Wong|1978-08-23|635803297|stokesnoah@example.net|M|81235218269|Beautician|75
224|Christian|Phillips|1981-10-03|575802111|april21@example.com|F|15326905802|Beautician|75
225|Dana|Jenkins|1971-12-04|751170294|lancemiller@example.net|F|75623064548|Beautician|75
226|Jaime|Thomas|2002-09-14|272998116|sevans@example.com|F|83642034892|Beautician|76
227|Deanna|Myers|1970-06-07|466996008|jessica33@example.net|M|74234891597|Beautician|76
228|Luis|Kirk|1993-10-05|862060079|jacobsoncarl@example.com|F|32820983906|Beautician|76
229|Sandra|Mcpherson|1983-03-01|729712665|steven07@example.com|F|11453435494|Beautician|77
230|Steven|Snyder|1983-01-17|538754660|jwilson@example.com|F|67592955900|Beautician|77
231|Jacob|Hughes|1960-08-23|719025288|kristopher97@example.org|F|29452921240|Beautician|77
232|Heather|Stephenson|1987-09-24|024003417|vanessaserrano@example.com|F|37360302581|Beautician|78
233|Angel|Shaffer|1963-08-17|219565027|jeffreymitchell@example.net|M|75912903974|Beautician|78
234|Tyler|Gutierrez|1990-06-07|544769324|stevensonjoanna@example.com|F|23885817154|Beautician|78
235|Nicholas|Anderson|1968-09-30|147374353|smithpreston@example.net|M|61076979081|Beautician|79
236|Elizabeth|Hall|2001-06-22|647831712|averymichael@example.org|M|71899823106|Beautician|79
237|Michael|Wright|1967-07-10|728821922|george65@example.com|M|50651114819|Beautician|79
238|Linda|Hayes|1972-08-31|940753690|xgordon@example.org|F|12497555313|Beautician|80
239|Lisa|Powell|1966-07-06|392686361|utate@example.com|M|63186748483|Beautician|80
240|Paul|Sanchez|1965-11-06|632377527|ana99@example.com|M|07410155013|Beautician|80
241|Jennifer|Adams|1991-10-01|887047322|lrobertson@example.com|M|03323676294|Beautician|81
242|Jacob|Gilmore|1990-06-30|815585988|aknight@example.net|M|95470562973|Beautician|81
243|Aaron|Fleming|1980-04-03|055883079|bgraham@example.com|M|38801995355|Beautician|81
244|Anthony|Jones|1974-02-25|249776175|scott55@example.org|M|37453916262|Beautician|82
245|Larry|Estrada|1990-12-25|490461663|smoreno@example.com|F|20458033132|Beautician|82
246|Kevin|Berg|1990-06-01|959926003|imiller@example.net|F|21806402359|Beautician|82
247|Robin|White|2004-03-01|324597383|john40@example.org|F|26494793335|Beautician|83
248|Marcus|Payne|1977-10-30|073829279|steven01@example.org|F|58745646259|Beautician|83
249|Jessica|Adams|1975-07-10|622090172|brandonwilliams@example.com|M|80487113730|Beautician|83
250|Kara|Padilla|1990-07-19|525623162|jeremytorres@example.org|F|96236137187|Beautician|84
251|Brandon|Sexton|1997-12-12|952858828|richardsdavid@example.org|M|78675815830|Beautician|84
252|Jamie|Johnson|1973-08-18|288834790|tina20@example.org|M|41332151916|Beautician|84
253|Heather|Raymond|1984-10-23|651831120|lindsay60@example.com|F|42767378405|Beautician|85
254|Connie|Sanders|1999-11-28|177074497|danny21@example.org|F|98775419040|Beautician|85
255|Darrell|Martinez|1995-08-11|348982935|carlavillarreal@example.com|F|20609072645|Beautician|85
256|Patrick|Whitehead|1959-02-06|572961237|becky53@example.net|M|75459166157|Beautician|86
257|Theresa|Huffman|2001-10-03|320573595|jasonallen@example.com|F|18128280431|Beautician|86
258|Alexandra|Durham|2005-08-25|163968594|andrewjohnson@example.org|F|63848259157|Beautician|86
259|Thomas|Day|1974-12-06|319558426|frank63@example.net|M|69836611173|Beautician|87
260|Sharon|Campbell|1963-07-21|161320276|xjacobs@example.net|F|78330242599|Beautician|87
261|Michael|Chavez|1996-07-05|229892565|wdean@example.org|M|56093911554|Beautician|87
262|Richard|Hawkins|2003-06-21|605342886|kendra33@example.net|F|53480691643|Beautician|88
263|Kirk|Stark|1995-10-17|697825924|moorejeffrey@example.com|M|13141904419|Beautician|88
264|Monique|Campbell|1980-09-15|578940051|holly81@example.net|F|77474010502|Beautician|88
265|John|Myers|1962-12-03|393290461|kaitlyn81@example.com|F|46332508436|Beautician|89
266|Jenna|Shea|1991-05-29|706897983|sosatonya@example.org|M|14614426573|Beautician|89
267|Christopher|Long|1997-05-21|776295181|brooksoscar@example.net|F|36725513055|Beautician|89
268|Sandra|Myers|1990-11-14|116858805|deborahhammond@example.com|M|81141845825|Beautician|90
269|Larry|Thompson|1994-03-11|864904654|pbowen@example.com|M|13309207651|Beautician|90
270|Joel|Wolf|1987-07-24|520920267|jonathanramos@example.org|M|85795079343|Beautician|90
271|Leslie|Matthews|1969-12-25|937101391|murrayjoel@example.org|M|52372587730|Aesthetician|91
272|Danielle|Beltran|1958-09-19|972446949|zacosta@example.net|F|92834693205|Aesthetician|91
273|Cory|Jackson|1994-05-29|375859821|robertwilson@example.net|F|65446481487|Aesthetician|91
274|Debra|Galloway|1992-12-29|921281262|colemantracey@example.net|F|14126456971|Aesthetician|92
275|Danielle|Riley|2005-01-28|421498729|owall@example.org|F|03409108354|Aesthetician|92
276|Justin|Nolan|1974-06-22|220360145|vvargas@example.org|M|91017454795|Aesthetician|92
277|Susan|Hernandez|1995-09-09|252560591|janet29@example.org|M|06169627944|Aesthetician|93
278|Matthew|Sellers|1971-01-29|467495621|anthony53@example.com|F|50389468517|Aesthetician|93
279|Drew|Doyle|1972-08-09|958573754|efrancis@example.com|M|94170030583|Aesthetician|93
280|Matthew|Howe|1967-05-06|571859540|tabitha72@example.org|M|70354164555|Aesthetician|94
281|Michael|White|1969-12-17|601524110|suttonandrew@example.org|M|32765207599|Aesthetician|94
282|Tammy|Hall|1968-03-20|767741717|kelly62@example.net|M|47669636158|Aesthetician|94
283|William|Lozano|1982-06-09|280714966|misty96@example.org|M|80843007299|Aesthetician|95
284|Kelly|Henry|1969-07-23|398582182|ddunn@example.org|M|88409098671|Aesthetician|95
285|Bill|Solomon|1986-07-13|760904360|jasonrodriguez@example.com|F|42906206085|Aesthetician|95
286|Julie|Stevenson|1972-11-23|627104612|barbara16@example.net|M|10763065410|Aesthetician|96
287|Dennis|Brady|1959-05-23|365938057|brucekathleen@example.net|M|36692677053|Aesthetician|96
288|Shane|Hatfield|1972-10-20|383441294|fsmith@example.org|M|88919582119|Aesthetician|96
289|Steven|Gonzalez|1964-08-14|826968048|robin40@example.net|M|89198709352|Aesthetician|97
290|Carolyn|Clarke|1970-06-17|949618238|hromero@example.net|M|81809004803|Aesthetician|97
291|Patricia|Kelly|2005-05-08|910123815|julie72@example.org|M|19585989413|Aesthetician|97
292|Lindsay|Huynh|1960-02-04|132927373|lorraineparker@example.org|F|97181692859|Aesthetician|98
293|Sandra|Davis|1997-07-01|753904213|meganlane@example.com|F|95391856748|Aesthetician|98
294|Jeffrey|Edwards|2000-11-01|654481421|farleykatie@example.org|M|29219621649|Aesthetician|98
295|Steve|Willis|1984-11-21|104766861|brandttiffany@example.net|F|61886401125|Aesthetician|99
296|Michael|Gray|1973-02-16|888350690|cshelton@example.net|F|72109425510|Aesthetician|99
297|Jeanette|Williams|1992-09-07|717345043|susananderson@example.org|F|36543826138|Aesthetician|99
298|Jeff|Johnson|1977-12-28|135742188|patricia69@example.com|M|64778860031|Aesthetician|100
299|Jessica|Long|1964-05-10|012816027|sawyercatherine@example.net|F|89113662775|Aesthetician|100
300|Christina|Swanson|1995-12-31|429231246|mkerr@example.com|F|17618355938|Aesthetician|100
301|Matthew|Carroll|1960-10-09|320335607|rachel26@example.org|F|69758502288|Aesthetician|101
302|Joshua|Ramirez|1965-04-24|722354095|frogers@example.net|F|86480156753|Aesthetician|101
303|Alexander|Mckay|1999-07-16|007545188|rlee@example.net|M|99546522227|Aesthetician|101
304|Sandra|Anderson|1971-04-23|179149864|richard64@example.net|F|73665826901|Aesthetician|102
305|Michael|Smith|1971-12-09|780434393|newmanmelanie@example.net|M|38858320601|Aesthetician|102
306|Diana|Morales|1994-12-15|886106318|francojamie@example.com|F|04972224427|Aesthetician|102
307|Phillip|Mcclure|1965-09-23|512683503|walterpeter@example.org|M|65480910912|Aesthetician|103
308|Lauren|Ward|1985-02-11|016392949|harveygabriel@example.org|F|84559504329|Aesthetician|103
309|Katherine|Hill|1998-01-27|045619675|jesse19@example.com|M|94705260876|Aesthetician|103
310|Stephanie|Pearson|1999-05-18|911070601|henryblake@example.net|F|40302159830|Aesthetician|104
311|Barbara|Snyder|1997-12-18|664702951|brent57@example.org|M|75555666058|Aesthetician|104
312|Tonya|Hoover|1987-11-10|231568746|tammysmith@example.com|M|10846779617|Aesthetician|104
313|Erin|Mcintosh|1967-07-15|319191372|ashley66@example.org|M|30369783969|Aesthetician|105
314|Eric|Smith|1969-10-26|478157429|mark36@example.com|M|96494570565|Aesthetician|105
315|Erin|Moore|1977-10-20|681945382|pconner@example.org|M|23920934530|Aesthetician|105
316|Gerald|Henderson|1988-03-12|718652065|tarawalters@example.com|F|34297865801|Aesthetician|106
317|Tina|Castaneda|1994-11-10|159484231|rparker@example.org|M|42815061503|Aesthetician|106
318|Frank|Martinez|1959-02-18|103030578|hstewart@example.net|F|84875893695|Aesthetician|106
319|Hannah|Hernandez|1998-01-03|903365689|leejennifer@example.org|F|31975530069|Aesthetician|107
320|Nicholas|Moran|1989-03-19|043126608|megandoyle@example.com|M|15146818256|Aesthetician|107
321|Christina|Campbell|1982-05-06|874451738|kristin05@example.org|M|16725793393|Aesthetician|107
322|Lisa|Wright|1958-09-29|357897900|pesparza@example.net|M|63270782928|Aesthetician|108
323|Alexis|Larson|1979-10-05|281451641|lisaward@example.com|F|19931769323|Aesthetician|108
324|James|Potter|1990-08-13|947506444|kimberlyking@example.org|M|35573905995|Aesthetician|108
325|Pamela|Delgado|2002-06-20|126989678|iross@example.net|F|72083484313|Aesthetician|109
326|William|Davis|1997-07-09|310047296|erikcole@example.com|M|89331556024|Aesthetician|109
327|Samantha|Adams|1996-01-28|598857652|jamierichardson@example.net|M|87609764521|Aesthetician|109
328|Gary|Stone|1967-10-02|132841281|sara52@example.com|M|29332594591|Aesthetician|110
329|Nancy|Adams|1986-08-22|913936548|grosscourtney@example.com|F|86457889264|Aesthetician|110
330|Nathan|Schaefer|1993-07-26|751967070|john52@example.net|F|86491805500|Aesthetician|110
331|Travis|Mendez|1984-10-30|923336124|ycummings@example.com|F|97506758450|Aesthetician|111
332|Lisa|Giles|1995-02-25|636670832|nicholasmyers@example.org|M|39463691732|Aesthetician|111
333|Jessica|Garcia|1984-01-31|497988903|danieljoel@example.org|M|14826860485|Aesthetician|111
334|Tanya|Cervantes|1972-01-21|466394699|brittanylopez@example.com|M|57692450730|Aesthetician|112
335|Linda|Gonzalez|1962-12-18|140362781|russellrhonda@example.net|M|11185058159|Aesthetician|112
336|Kevin|Diaz|1959-05-24|558392949|vduncan@example.org|F|45347505956|Aesthetician|112
337|Victor|Potter|1984-05-12|891958135|herringsusan@example.net|M|86516095473|Aesthetician|113
338|Kimberly|Jones|1978-12-27|134527330|gwilliams@example.com|M|60902902709|Aesthetician|113
339|Kimberly|Flores|1985-02-04|098975844|kwilliams@example.com|M|34290790558|Aesthetician|113
340|Steven|Johnson|1963-07-30|031518963|victor96@example.com|M|83942996453|Aesthetician|114
341|Joseph|Jackson|1970-10-01|822627188|johnsontaylor@example.org|F|97164402127|Aesthetician|114
342|Andrew|Carpenter|1985-08-22|441012331|heathersmith@example.net|F|60919758259|Aesthetician|114
343|Melissa|Williams|1964-08-11|720644616|jclark@example.org|M|60903789243|Aesthetician|115
344|Mary|Blair|1988-02-29|389494906|megan19@example.org|F|48594033646|Aesthetician|115
345|Chelsey|Fuentes|1962-10-08|394200999|larry76@example.com|F|29848930460|Aesthetician|115
346|Scott|Hernandez|1979-04-20|992585124|vlopez@example.org|M|83271911239|Aesthetician|116
347|Justin|Holt|1974-03-06|960512709|saradavies@example.net|F|56134294167|Aesthetician|116
348|Crystal|George|1993-07-03|610707028|bauertimothy@example.org|F|05672214430|Aesthetician|116
349|Jermaine|Hoover|2005-02-10|250742460|benjamin27@example.com|F|14984083793|Aesthetician|117
350|Lisa|Harrison|1993-12-13|497499384|stephen49@example.net|F|75194194706|Aesthetician|117
351|Heather|Mason|1973-11-09|894406375|jose13@example.org|F|66340254944|Aesthetician|117
352|Joshua|Knight|1980-07-11|800249187|traci61@example.com|F|74027302599|Aesthetician|118
353|Michael|Mcintyre|1998-01-15|090606230|michael48@example.net|M|42879875807|Aesthetician|118
354|Teresa|Perez|1988-04-28|655263821|michaelsmith@example.org|M|01158105863|Aesthetician|118
355|Brittany|Lucas|2005-01-21|698049695|adam61@example.org|F|57669210318|Aesthetician|119
356|David|Morales|1979-01-19|345709903|michaelcooper@example.net|M|20968914130|Aesthetician|119
357|George|Roberson|1964-11-27|827888305|christopher18@example.org|M|57924965714|Aesthetician|119
358|Barbara|Miller|1984-06-21|195593044|aliu@example.net|F|40149844107|Aesthetician|120
359|Sean|Martinez|1996-07-28|061020006|vhunt@example.org|M|61186001658|Aesthetician|120
360|Roger|Gonzalez|1999-10-25|416980014|frank10@example.net|F|66754510721|Aesthetician|120
361|Kevin|Wiggins|2001-09-11|837644650|shawncurry@example.com|F|17889198443|Personal Trainer|121
362|Debbie|Stewart|1987-12-10|367399548|alejandromartinez@example.com|M|08278785143|Personal Trainer|121
363|Samuel|Ferguson|1974-05-24|060550447|harrismark@example.org|F|78430509133|Personal Trainer|121
364|Alexandra|Fields|1990-07-01|842389920|mark13@example.org|F|14630664866|Personal Trainer|122
365|Donna|Gordon|1996-10-21|530630287|dterry@example.net|F|67324906936|Personal Trainer|122
366|Meredith|Kramer|1975-09-04|223732624|james95@example.com|F|98048855275|Personal Trainer|122
367|Vanessa|White|2001-04-05|209084782|smithjonathan@example.com|M|12855444276|Personal Trainer|123
368|Jamie|Smith|2004-11-24|673497344|christopher39@example.org|F|87425023518|Personal Trainer|123
369|Leah|Jones|1969-06-27|116470337|brittney74@example.org|M|52177135581|Personal Trainer|123
370|Michael|Mccall|1973-04-16|302251412|ariel40@example.com|F|90694954142|Personal Trainer|124
371|Sheila|Espinoza|1998-10-09|312743352|john65@example.net|M|20830279149|Personal Trainer|124
372|Alicia|Dennis|1982-09-29|034925216|jarvisjean@example.net|M|33476461153|Personal Trainer|124
373|Kelly|Garcia|1987-10-10|121621160|hmunoz@example.org|F|35420192213|Personal Trainer|125
374|Joel|Phillips|1961-10-04|576650156|gregory45@example.com|M|54600784404|Personal Trainer|125
375|Stephanie|Crosby|1981-06-06|369923270|heidi27@example.net|F|62938705468|Personal Trainer|125
376|Virginia|Brown|1992-07-08|421441382|lisacampbell@example.com|F|28743169387|Personal Trainer|126
377|Kelly|Burch|1976-01-18|475681724|swilson@example.net|F|28857070335|Personal Trainer|126
378|Johnny|Hernandez|1966-05-20|117039586|trevor95@example.net|F|59263005544|Personal Trainer|126
379|Lisa|Coleman|1972-06-07|066326987|thomasgilbert@example.com|M|65868114141|Personal Trainer|127
380|Noah|Rose|1959-08-30|596722618|perezsteven@example.com|F|26190195515|Personal Trainer|127
381|Thomas|Avila|1992-07-01|876493211|deborahmiller@example.com|F|96082838759|Personal Trainer|127
382|Lori|Lee|1967-05-01|442420805|anthonymartin@example.com|F|76008037643|Personal Trainer|128
383|Kristopher|Newman|1969-09-21|393165931|kevintyler@example.org|M|59198073766|Personal Trainer|128
384|James|Vaughn|2001-08-24|967289491|alvarezandrew@example.org|M|22787265126|Personal Trainer|128
385|Marco|Garcia|1992-06-24|517734124|justin25@example.org|F|55633833060|Personal Trainer|129
386|Stephanie|Davis|2001-12-28|959111701|andrew07@example.net|F|20609386867|Personal Trainer|129
387|David|Jones|1996-12-19|675696972|christine92@example.net|F|95176661448|Personal Trainer|129
388|Peter|Gardner|1962-05-22|150169478|coopercrystal@example.org|M|56225114350|Personal Trainer|130
389|William|Moreno|1976-03-27|825342402|donaldtorres@example.net|M|97030360143|Personal Trainer|130
390|Shawn|Harris|2003-07-16|841355518|stanleycruz@example.org|F|25573843637|Personal Trainer|130
391|Kathryn|Cowan|1985-09-26|433684542|foxjames@example.com|M|00147288723|Personal Trainer|131
392|Amy|Keller|1972-05-20|147665519|pricejeffrey@example.com|F|41767827293|Personal Trainer|131
393|Jose|Williams|1994-06-20|751559543|welchmonica@example.net|F|16882006209|Personal Trainer|131
394|Brittney|Wilson|1998-01-07|022482913|iwilliams@example.com|M|34312460861|Personal Trainer|132
395|Karen|Peck|1988-09-16|589310960|vargasalan@example.org|F|57258178402|Personal Trainer|132
396|Alicia|Brown|1993-01-13|006030679|hillbrian@example.org|F|47130380828|Personal Trainer|132
397|Mary|Gonzalez|2004-01-04|744691597|joshua49@example.net|F|53612748973|Personal Trainer|133
398|Robin|Copeland|1984-01-27|299948662|kimberly66@example.com|M|32853559151|Personal Trainer|133
399|Blake|Marshall|1985-11-05|922996724|stephanie38@example.com|M|81767867840|Personal Trainer|133
400|Bryan|Hooper|1960-02-14|186507890|mwebb@example.com|F|43523299177|Personal Trainer|134
401|Timothy|Gonzalez|1995-10-26|023038558|nicolas25@example.com|M|17187397388|Personal Trainer|134
402|Tracey|Reynolds|1966-11-11|381372929|amy55@example.net|M|29120704735|Personal Trainer|134
403|John|Cox|2002-08-23|682924432|oharris@example.org|M|48312547252|Personal Trainer|135
404|Michael|Bowen|1979-06-25|115480032|tina01@example.com|F|91482181832|Personal Trainer|135
405|Teresa|Ward|1999-09-14|010180495|npeterson@example.org|F|86717432817|Personal Trainer|135
406|Luis|Winters|1987-11-12|025485640|smithchristopher@example.com|F|02651062929|Personal Trainer|136
407|Ashley|Gibson|1989-08-17|658370709|ularsen@example.org|M|94384288097|Personal Trainer|136
408|Gregory|Thompson|2005-12-08|879820922|turnerjared@example.org|F|57024945764|Personal Trainer|136
409|Todd|Barnes|1975-10-01|608833305|barbara92@example.com|M|01534276163|Personal Trainer|137
410|Kathy|Garcia|1965-11-14|916997884|vwise@example.org|M|53811635568|Personal Trainer|137
411|Elijah|Hendrix|1964-08-20|081228417|sharonhickman@example.net|F|63032137628|Personal Trainer|137
412|Kimberly|Brennan|1971-11-30|308896936|nicolejohnston@example.org|M|73834260357|Personal Trainer|138
413|Christopher|Simmons|1968-11-06|394445204|ujennings@example.org|M|79220974957|Personal Trainer|138
414|Michael|Pace|1977-10-18|934912668|hluna@example.com|M|94591351446|Personal Trainer|138
415|Nichole|Briggs|1994-03-16|884679025|debbiegarcia@example.net|M|13271239849|Personal Trainer|139
416|Sean|Bailey|1997-03-21|225904405|natashabooker@example.net|F|70681873064|Personal Trainer|139
417|Susan|Garrett|1968-01-30|758724783|amber65@example.com|M|74223975506|Personal Trainer|139
418|Samantha|Williams|1965-06-14|422789908|karen49@example.com|M|32394673174|Personal Trainer|140
419|Lori|Wiley|1965-01-20|028694395|sydney70@example.com|F|01613001990|Personal Trainer|140
420|John|Rodriguez|2003-01-08|399409428|angela69@example.net|F|37235707958|Personal Trainer|140
421|Gregory|Sullivan|2001-03-15|750893839|dickersonamy@example.org|F|83106308813|Personal Trainer|141
422|Jennifer|Mccormick|1963-03-13|994587902|garciamichael@example.com|F|36547138035|Personal Trainer|141
423|Brian|Todd|1985-03-18|935237202|bakerlisa@example.com|F|52969559123|Personal Trainer|141
424|Nicholas|Schneider|1996-10-07|120314359|ghughes@example.org|M|35973151656|Personal Trainer|142
425|Melinda|Walker|2004-06-27|804632144|janetsmith@example.net|M|96076657129|Personal Trainer|142
426|William|Blackburn|1966-05-15|467382163|michaelsmith@example.net|F|39164559579|Personal Trainer|142
427|Travis|Coleman|1968-08-29|391220724|jonesbreanna@example.com|M|45309633283|Personal Trainer|143
428|James|Long|1972-12-04|036779965|victoriajones@example.org|F|20519598818|Personal Trainer|143
429|Olivia|King|1967-03-19|210579103|jessica64@example.com|F|45993579476|Personal Trainer|143
430|Kelly|Holden|1973-02-21|696869636|morgan29@example.com|F|74888388500|Personal Trainer|144
431|Ryan|Carter|1994-08-31|238599335|andersonmelanie@example.org|F|91089499688|Personal Trainer|144
432|Anthony|White|1988-10-17|886048072|ramseyethan@example.org|F|99252250512|Personal Trainer|144
433|Joshua|Meyer|2002-07-09|538537333|mperry@example.net|F|31350633575|Personal Trainer|145
434|Benjamin|Williams|1982-06-16|529025735|michaelnewman@example.net|F|89338374512|Personal Trainer|145
435|Dawn|Khan|1969-07-12|870711976|steverichards@example.org|F|62948627957|Personal Trainer|145
436|Robert|Stewart|1997-11-08|976627578|pamela50@example.net|M|73817686831|Personal Trainer|146
437|Russell|Gonzalez|2005-12-03|275605917|campbellstacy@example.net|M|52670034537|Personal Trainer|146
438|Damon|Stein|1999-10-25|839160871|katherine52@example.net|M|48564322827|Personal Trainer|146
439|Gabriel|Henry|2000-05-08|849992717|michelle36@example.net|F|60508596073|Personal Trainer|147
440|Erica|Ferguson|1996-01-31|625299574|adriana15@example.com|F|40947303375|Personal Trainer|147
441|James|Gray|1990-12-21|644197964|courtneywilliams@example.net|M|67337160706|Personal Trainer|147
442|Katherine|Manning|1992-02-28|620298048|athompson@example.org|F|38089567024|Personal Trainer|148
443|Nicholas|Scott|1985-02-25|995289812|bakereric@example.com|F|15568542426|Personal Trainer|148
444|Austin|Charles|1970-10-06|469150174|luis42@example.com|M|29863497360|Personal Trainer|148
445|Chris|Anderson|1977-04-03|670920052|cpierce@example.net|M|31989619731|Personal Trainer|149
446|Kathryn|Cook|1988-11-28|788892366|karen70@example.com|F|77366618153|Personal Trainer|149
447|David|Freeman|1980-10-03|980977218|sara86@example.org|F|74707755741|Personal Trainer|149
448|David|Rice|1978-06-20|119358050|nathanharrison@example.com|F|46386759725|Personal Trainer|150
449|Tina|Smith|1973-06-12|538777542|linda00@example.com|F|77171832988|Personal Trainer|150
450|James|Cunningham|1970-03-10|319116675|martinwilliam@example.net|F|50383953671|Personal Trainer|150
451|Michael|Lynch|2001-07-18|727489081|brandonrojas@example.org|M|40079597790|Dentist|151
452|Ruth|Estrada|1980-09-21|492859879|thomas34@example.net|F|07207197718|Dentist|151
453|Stephanie|Carson|1966-09-13|965442286|natalie71@example.net|M|48038754388|Dentist|151
454|Brandon|Buchanan|1978-03-29|412055254|oflores@example.org|M|65327655736|Dentist|152
455|Todd|Kelly|1970-05-03|643442331|mark34@example.org|M|68035901166|Dentist|152
456|Sean|Lee|1994-02-01|423875530|jessegay@example.com|F|36243638609|Dentist|152
457|Joseph|Wolf|1962-04-14|852613691|jessephillips@example.com|M|06196823927|Dentist|153
458|Suzanne|Jordan|1966-09-16|293453023|kfarley@example.net|F|98723988646|Dentist|153
459|Judith|Palmer|2002-06-22|674217982|benjaminfreeman@example.net|M|18251687411|Dentist|153
460|Sarah|Newton|1977-05-12|457175303|patrickryan@example.net|M|77264971322|Dentist|154
461|Daniel|Daniel|1978-11-30|358301943|dixonerin@example.com|M|76414062135|Dentist|154
462|Janet|Rush|1986-09-04|445576683|dawncox@example.org|M|87343611788|Dentist|154
463|Alexandria|Mendoza|1962-08-08|285677717|jmclean@example.net|F|51711362515|Dentist|155
464|Angela|Spencer|1961-02-15|256760716|gshaw@example.net|F|74219599643|Dentist|155
465|Breanna|Lucas|1973-01-25|503544191|ymoore@example.net|M|40410939890|Dentist|155
466|Devin|Washington|1990-03-06|801480177|christine11@example.org|F|36860793598|Dentist|156
467|Steven|Bailey|2001-12-06|883769324|rachelburke@example.net|M|26187406196|Dentist|156
468|Richard|Moore|1970-05-25|074394480|emorris@example.com|F|72060642240|Dentist|156
469|Nicholas|Wallace|1959-02-14|984464276|michael89@example.net|F|67708934023|Dentist|157
470|Pamela|Reeves|1979-08-01|946245765|deanmolly@example.com|M|55770739289|Dentist|157
471|Daniel|Krueger|1968-09-02|669818733|derek88@example.com|F|26435011265|Dentist|157
472|Olivia|Moore|1997-04-08|855518400|andrew81@example.org|M|03960319792|Dentist|158
473|Brandon|Hernandez|2003-07-23|036859744|matthew04@example.net|M|92168049052|Dentist|158
474|Michelle|Odom|1982-10-26|428869713|coreygoodman@example.com|F|45508246519|Dentist|158
475|Amy|Ayala|1993-04-01|425776045|iwebster@example.com|F|52459115888|Dentist|159
476|Cory|Webb|2004-07-30|445892396|danielle16@example.com|M|77927788446|Dentist|159
477|Glenn|Ball|1981-08-01|210092704|gary05@example.com|F|30897936151|Dentist|159
478|Angie|Walker|1961-12-13|443266903|sjohnson@example.net|F|04704737991|Dentist|160
479|Kimberly|Johnson|1965-04-17|143303318|holdenbryce@example.net|M|10763512026|Dentist|160
480|Betty|Lloyd|1963-03-13|034647661|pschmitt@example.com|F|43340377440|Dentist|160
481|David|Hunter|1973-06-08|729647733|heidi60@example.com|M|77188570442|Dentist|161
482|Maureen|Kennedy|1959-06-05|689681028|natalie34@example.org|M|36641711653|Dentist|161
483|Adam|Bartlett|2005-10-30|431240046|birdrenee@example.org|M|45782318497|Dentist|161
484|Tabitha|Mitchell|1978-01-11|175148522|carlos21@example.net|F|48062792035|Dentist|162
485|Sheryl|Weaver|1998-03-19|351678683|rkennedy@example.com|F|91485754373|Dentist|162
486|Timothy|Wilkinson|2001-08-03|820725376|ahall@example.net|M|40146586652|Dentist|162
487|Steven|Lopez|2002-01-12|000897392|deckerjoshua@example.org|F|20755492462|Dentist|163
488|Melanie|Parsons|2001-07-03|392360481|qgraham@example.com|F|24415627528|Dentist|163
489|Brady|Phillips|2003-02-08|683027907|cvargas@example.net|M|83128688286|Dentist|163
490|Angela|Collins|1987-11-10|186557057|srush@example.com|F|55847852295|Dentist|164
491|Denise|Mccullough|1964-07-03|599116595|heberttara@example.com|M|75397755507|Dentist|164
492|Warren|Keith|1995-10-14|726400640|hlopez@example.org|F|20049196844|Dentist|164
493|Deanna|Galvan|2003-05-26|077880538|joshuareynolds@example.net|M|38004297702|Dentist|165
494|Robert|Chen|1960-08-25|675419522|charlesrobinson@example.org|F|66502795074|Dentist|165
495|Christopher|Garcia|2000-05-06|046306029|hernandeznicole@example.net|M|31728928372|Dentist|165
496|David|Burnett|1993-04-21|419389797|jessica33@example.com|M|17425946238|Dentist|166
497|Angela|Webster|1978-02-06|743378407|jamie07@example.com|M|79109383764|Dentist|166
498|Jesse|Atkins|2001-11-08|968044848|karen73@example.org|F|86562352496|Dentist|166
499|Angela|Parker|1992-12-21|670793669|andrejames@example.org|M|89200536004|Dentist|167
500|Roberta|Mcdonald|1988-03-11|956545848|jenningsgabriela@example.net|F|19091064329|Dentist|167
501|Linda|Good|1972-06-04|224408839|sharon55@example.org|F|65628759667|Dentist|167
502|Shannon|Dillon|1974-07-24|719821398|espinozaheather@example.com|F|49523930763|Dentist|168
503|Rebecca|Golden|1970-05-20|629165304|twells@example.net|F|28481615980|Dentist|168
504|Laura|Nelson|1973-11-25|234932151|rebeccalucero@example.net|F|84511212359|Dentist|168
505|Stephen|Sullivan|1977-11-16|764720543|melissahughes@example.net|F|62483241564|Dentist|169
506|George|Burke|1974-09-09|159363964|fanderson@example.net|F|72138852157|Dentist|169
507|Andrew|King|1979-04-01|403293764|amandawilliams@example.org|F|85156675335|Dentist|169
508|Theresa|Hayden|1982-03-08|533012878|stevenmartin@example.net|M|82154635351|Dentist|170
509|Jenna|Clark|1982-01-22|817137074|kevinsmith@example.com|M|60758407004|Dentist|170
510|Todd|Mendoza|1983-10-08|167409052|ldavenport@example.org|M|89269743066|Dentist|170
511|Shawn|Hill|1972-05-13|899666277|jennifer95@example.com|M|80797694496|Dentist|171
512|Sarah|Turner|1995-09-23|551621869|haynescindy@example.org|F|08151713070|Dentist|171
513|Rick|Barry|1984-08-27|710914149|stewartangel@example.net|F|86956576222|Dentist|171
514|Marie|Baker|1995-07-15|220976003|richard02@example.net|F|56487907975|Dentist|172
515|Christine|Pham|1977-06-06|858061965|timothy68@example.com|F|90437205831|Dentist|172
516|Kayla|Rogers|1986-04-20|082812434|smithmeredith@example.net|M|21277238611|Dentist|172
517|Laura|Nunez|1974-05-02|023196473|aatkins@example.com|M|42369065453|Dentist|173
518|Susan|Schmitt|1959-07-05|280884145|danieljanet@example.net|F|72993713571|Dentist|173
519|James|Murray|1988-05-21|808565496|kimberly84@example.com|F|63490532152|Dentist|173
520|Stephanie|Colon|1963-05-23|105890169|dkeller@example.org|F|88977755554|Dentist|174
521|Justin|Johnson|2003-04-10|073183467|crystal30@example.net|F|72597299435|Dentist|174
522|Edwin|Herring|1960-05-19|322601892|sweeneybenjamin@example.net|F|09310837423|Dentist|174
523|David|Arnold|1962-10-10|031028664|nicole68@example.net|F|49615527019|Dentist|175
524|Paul|Salazar|1974-05-25|408093239|zdecker@example.org|M|99963163984|Dentist|175
525|Laura|Garner|1963-04-10|306251167|hardinjermaine@example.net|M|77991671158|Dentist|175
526|Nancy|Mills|1974-10-19|366355939|adam69@example.com|M|79453563902|Dentist|176
527|Paula|Fox|1964-12-08|405771039|mhansen@example.org|F|58175641058|Dentist|176
528|Thomas|Reeves|1966-08-31|124488525|tyates@example.com|M|49513053917|Dentist|176
529|Rachel|Higgins|1969-12-09|658678027|mccoynathan@example.net|M|08128727709|Dentist|177
530|Michael|Scott|1967-10-04|783727307|jamescruz@example.com|F|03187050517|Dentist|177
531|Laura|Krueger|1966-09-17|132800007|ryan97@example.com|M|37624116108|Dentist|177
532|Deborah|Wright|1993-12-14|589026748|lmills@example.net|M|92141599590|Dentist|178
533|Robert|Reed|1959-01-01|221406321|gonzalezbarbara@example.net|F|32480391467|Dentist|178
534|John|Lam|1991-09-14|883155818|kroach@example.net|F|56284353851|Dentist|178
535|Barbara|Craig|1996-07-09|386682678|qanderson@example.com|M|03448864148|Dentist|179
536|Steven|Franco|1963-02-18|086330577|daniel93@example.com|M|52965109284|Dentist|179
537|Kim|Koch|1994-09-18|650492727|brendan32@example.com|M|53587048397|Dentist|179
538|Denise|Ayala|1989-08-15|300405296|joshua39@example.net|M|33835289018|Dentist|180
539|Jill|Reese|1966-05-23|510314198|qmonroe@example.com|F|56892968525|Dentist|180
540|Mary|Young|1964-11-07|348537419|smithrenee@example.com|F|79861136978|Dentist|180
541|Thomas|Walker|1965-09-03|599880405|asalas@example.net|M|88179517757|Counselor|181
542|Lauren|Gilbert|1994-09-02|659963485|jessicamorrison@example.net|F|14671182098|Counselor|181
543|Sarah|Crane|1996-03-29|466580393|lesliehunt@example.net|F|29632151957|Counselor|181
544|Craig|Ramirez|1976-03-09|477804039|brady00@example.com|F|72603005682|Counselor|182
545|Cindy|Owens|1967-10-16|501792130|williamchambers@example.net|M|40138083220|Counselor|182
546|Jacqueline|Hanson|1999-02-05|306832361|sullivancindy@example.org|M|47145468101|Counselor|182
547|Danielle|Coleman|1978-03-24|802589206|rosediane@example.net|M|21264498292|Counselor|183
548|Russell|Santana|1981-10-15|778906713|pcarson@example.net|M|74487523522|Counselor|183
549|Pamela|Martinez|1966-01-14|818360874|goodstephanie@example.net|F|50806210489|Counselor|183
550|Michael|Munoz|1977-08-13|649876805|sandrajones@example.org|F|01248487945|Counselor|184
551|Cheryl|Meyer|1980-03-19|654916181|kirbyjohn@example.com|M|22232115210|Counselor|184
552|Brian|Evans|1982-07-04|863557901|alicia21@example.net|M|80144339713|Counselor|184
553|Brandon|Morris|1986-12-07|541325725|cwatts@example.net|F|41299027987|Counselor|185
554|Holly|Gomez|1994-09-09|254160865|sarahchambers@example.org|F|16517648785|Counselor|185
555|Timothy|Meyer|1960-04-30|335517429|chris40@example.net|M|90920064190|Counselor|185
556|Jasmin|Woods|1982-09-16|029012098|jamesbraun@example.net|F|89422097195|Counselor|186
557|Christopher|Valenzuela|1977-04-17|658499670|carsonleah@example.net|M|53131529499|Counselor|186
558|Michael|Johnson|1993-01-12|922746195|williamsdon@example.org|M|96842618958|Counselor|186
559|Caleb|King|2005-12-13|452303734|emily03@example.com|M|01783186723|Counselor|187
560|George|Estes|1966-09-02|341251890|gilberttina@example.org|M|26937918393|Counselor|187
561|Stacy|Brock|1995-03-24|357064379|leethomas@example.org|M|83605894764|Counselor|187
562|Lance|Stanley|1990-07-29|679644826|gregory38@example.org|M|73410769904|Counselor|188
563|Christopher|Rose|1969-10-26|875137189|heather78@example.org|F|16811184004|Counselor|188
564|Beverly|Jacobs|1963-06-11|798747437|robert18@example.org|F|69514003117|Counselor|188
565|Richard|Savage|1985-03-02|036657489|jeremyjackson@example.org|F|68528949001|Counselor|189
566|Steven|Morton|1996-03-07|128893200|leejennifer@example.org|F|52361806062|Counselor|189
567|Christopher|Dominguez|1999-06-06|528333731|waltonkimberly@example.org|M|97582803104|Counselor|189
568|Michele|Hernandez|1970-08-17|402805492|amy85@example.net|M|56339641423|Counselor|190
569|Michael|Miller|1968-07-14|151122958|bobbymelton@example.net|F|17542113396|Counselor|190
570|Alexis|Gilmore|1961-11-07|009675156|vwilliams@example.net|M|93979181867|Counselor|190
571|Melanie|Patrick|2004-08-16|337800906|imiller@example.org|M|72293972775|Counselor|191
572|Becky|Castillo|1974-07-31|487795195|bblack@example.net|M|16709546081|Counselor|191
573|Shane|Flores|1993-08-21|672015324|matalindsay@example.org|M|54454734409|Counselor|191
574|Courtney|Romero|1982-03-13|541942821|blanchardtimothy@example.net|F|03677098417|Counselor|192
575|John|Chaney|2005-04-21|865178616|castillokevin@example.com|F|17670656327|Counselor|192
576|Connor|Escobar|1978-12-30|735181972|fflores@example.com|M|87373537118|Counselor|192
577|Mary|Harris|1992-10-29|680576910|jessicasolis@example.org|M|15037315517|Counselor|193
578|Kimberly|Smith|1995-01-20|268251965|charles53@example.org|M|79795527954|Counselor|193
579|Sarah|Andrade|1971-11-09|059617250|mnguyen@example.org|F|33896800776|Counselor|193
580|Shane|Castillo|1982-12-12|233287195|annajones@example.net|M|73773204869|Counselor|194
581|Catherine|Carney|1987-06-24|670792428|fernandodixon@example.com|M|13364819477|Counselor|194
582|Paul|Petersen|1986-05-09|215844332|acostapedro@example.com|F|06115054867|Counselor|194
583|Chelsea|Anderson|1996-09-09|714684527|wilsonnicole@example.com|M|26889953354|Counselor|195
584|Sean|Pearson|1976-03-13|334359698|scottbrian@example.net|M|32108015065|Counselor|195
585|James|Wiley|1974-04-22|937218074|timothyroberts@example.net|M|16410014071|Counselor|195
586|Kyle|Dawson|2004-01-03|785745994|douglas36@example.net|F|79470221629|Counselor|196
587|Michael|Barry|1985-08-24|331893838|alvarezderrick@example.org|F|28089142488|Counselor|196
588|Marcus|Sanders|1980-11-11|873007773|hwalker@example.com|M|10392112077|Counselor|196
589|Brian|Thompson|1963-09-23|042017617|enewman@example.net|F|67350042086|Counselor|197
590|Terri|Walker|1960-05-28|662768179|groberts@example.org|F|16278641832|Counselor|197
591|Tara|Thomas|1969-06-23|218286568|amanda72@example.com|F|68547109215|Counselor|197
592|Heather|Swanson|1981-10-23|824281035|gyoung@example.com|M|89255170482|Counselor|198
593|Robert|Clark|1992-12-03|682308855|tyoung@example.net|M|69566767237|Counselor|198
594|Natasha|Olson|1968-03-21|192689552|karen98@example.com|F|43933625271|Counselor|198
595|Beverly|Pratt|1976-01-29|405778599|kbell@example.org|F|85286860932|Counselor|199
596|Eric|Carter|1969-10-22|247350562|mariastrickland@example.org|F|05683020929|Counselor|199
597|Kristi|Williams|1991-07-22|749082978|christopher30@example.org|M|19222918274|Counselor|199
598|Diana|Smith|1990-10-02|701512521|charleshenderson@example.org|F|43618215771|Counselor|200
599|Melissa|Cooper|1977-08-11|390826990|sandrabyrd@example.org|F|55841017572|Counselor|200
600|Sarah|Gilbert|1977-12-06|001841395|jwong@example.com|F|72905071079|Counselor|200
601|Bradley|Horton|1963-09-26|624682041|lgarcia@example.net|F|67612776581|Counselor|201
602|Jennifer|Wallace|1985-04-27|181490118|jameswilson@example.org|F|30481322276|Counselor|201
603|Joanne|Jackson|1984-10-25|608958745|tonya37@example.net|M|15734636321|Counselor|201
604|Michael|Smith|1977-11-10|706134502|choffman@example.com|F|62605648762|Counselor|202
605|Jennifer|Conley|1977-10-17|229774813|bryan48@example.net|M|15977356496|Counselor|202
606|Jimmy|Neal|1979-03-24|915527417|gomezphilip@example.org|F|11903109653|Counselor|202
607|Cody|Burch|1973-10-06|660225722|briannelson@example.com|F|14939347761|Counselor|203
608|Lindsey|Young|1978-07-06|995335833|michelle44@example.com|M|21136207228|Counselor|203
609|April|Jones|1974-11-06|549045432|olsenstephen@example.com|F|53238109646|Counselor|203
610|Jasmine|Saunders|1980-10-02|326651219|william55@example.com|M|82472761088|Counselor|204
611|Melanie|Norris|2004-10-12|064320360|mariawilson@example.com|M|32599354504|Counselor|204
612|Christopher|Moses|1970-03-25|386227290|jamespearson@example.net|F|45606483414|Counselor|204
613|Latoya|Mayer|1989-05-14|188358574|carolyn67@example.com|M|83997422015|Counselor|205
614|Meghan|Anderson|1962-10-17|959865118|robert66@example.com|M|47246755074|Counselor|205
615|Emily|Campbell|1996-07-13|194733399|karen76@example.net|F|40825643540|Counselor|205
616|Mario|Warren|1971-01-08|280000522|nicholas33@example.com|M|81366643326|Counselor|206
617|Lawrence|King|1961-01-01|959107418|znelson@example.org|F|57927212222|Counselor|206
618|Eric|Young|1997-06-30|451026357|armstrongmichele@example.com|F|71768254126|Counselor|206
619|Lisa|Phillips|1973-03-03|589688163|tanderson@example.net|F|51851990479|Counselor|207
620|John|Williams|1962-10-05|630211771|bakersandra@example.net|M|18398815773|Counselor|207
621|Chelsea|Roberts|1974-12-08|573114443|dalemcdonald@example.com|M|95165618451|Counselor|207
622|Alexis|Jones|1995-01-05|099002227|jeremy16@example.net|F|55997429674|Counselor|208
623|Connie|Anderson|1987-02-19|844883453|rgibson@example.net|M|13378313714|Counselor|208
624|Rebecca|Johnson|1972-11-24|336554349|michaelwerner@example.org|M|38831620754|Counselor|208
625|Jeffrey|Salinas|2005-06-11|454854689|haasamy@example.org|M|52669189867|Counselor|209
626|Matthew|Ross|1972-10-22|031906021|sotoeric@example.com|F|83467235603|Counselor|209
627|Walter|Mendez|1960-06-15|932815251|ashley65@example.net|M|36347109777|Counselor|209
628|Matthew|Davis|1988-06-17|522603149|samanthapena@example.com|F|03586401853|Counselor|210
629|Rebecca|Hunter|1974-01-27|336005499|jerome83@example.net|M|37780462036|Counselor|210
630|Jeffrey|Williams|2000-02-13|697043302|jeffreybryant@example.org|M|35964308325|Counselor|210
631|Phyllis|Vasquez|1993-12-29|837047980|daviselizabeth@example.net|F|20495062211|Tutor|211
632|Megan|Roach|1995-11-21|564930785|qjones@example.org|M|97738890594|Tutor|211
633|Brent|Williams|1975-12-21|733037893|glee@example.com|F|92950993672|Tutor|211
634|Juan|Nixon|1958-06-14|537971147|vcase@example.org|M|73506684643|Tutor|212
635|Tara|Horton|1973-03-29|158929736|clarkechristopher@example.org|F|53868070715|Tutor|212
636|Katelyn|Brown|1959-11-23|090032609|margaret78@example.net|F|38458327534|Tutor|212
637|David|Thompson|1981-12-27|223021057|anthony06@example.net|F|29014274981|Tutor|213
638|Dustin|Moore|2000-06-28|131170675|chelseafowler@example.com|F|93583472553|Tutor|213
639|Parker|Duarte|1988-10-02|584928540|steven67@example.com|F|37340686149|Tutor|213
640|Jason|Hickman|1962-04-01|839360416|ruben74@example.net|F|13490176674|Tutor|214
641|Joseph|Nunez|1961-11-18|565198689|valerie40@example.com|F|76289821946|Tutor|214
642|Stephanie|Preston|1995-05-05|782336481|rubenwilson@example.com|M|81560734766|Tutor|214
643|Tim|Stephens|1964-11-25|910104176|rcrane@example.org|F|78634244366|Tutor|215
644|Stephanie|Murphy|1997-07-03|085702200|mendezjonathan@example.com|F|98156410298|Tutor|215
645|Haley|Buckley|1993-08-07|390434078|tiffanyrodriguez@example.com|M|85320872802|Tutor|215
646|Sara|Bailey|1963-10-09|381300934|carrierodriguez@example.org|M|35066932114|Tutor|216
647|David|Kennedy|1963-07-29|648991120|bashley@example.net|M|23463092011|Tutor|216
648|Christine|Watson|1985-04-21|692598734|dfrazier@example.net|M|76430927498|Tutor|216
649|Raymond|Hodges|1973-04-02|344179937|tammy18@example.net|M|07916242373|Tutor|217
650|Jennifer|Thompson|1998-10-02|314837624|hbrown@example.org|F|98940093130|Tutor|217
651|Alejandra|Jackson|2005-04-30|047743073|vlawson@example.net|F|40664247038|Tutor|217
652|Michelle|Johnson|1980-09-04|955246877|rwhite@example.com|M|91492325230|Tutor|218
653|Kevin|Jones|1973-08-19|512619864|kendra44@example.com|M|02235462298|Tutor|218
654|Joyce|Dominguez|1989-07-11|682020709|hendrixdana@example.org|M|18098499936|Tutor|218
655|Jamie|Gonzales|2004-04-01|364999753|bsmith@example.com|M|13553234499|Tutor|219
656|Austin|Giles|1992-09-23|984414247|nicholssydney@example.org|F|44275744024|Tutor|219
657|Thomas|Brown|1961-08-23|363820881|stanley08@example.org|F|46067201746|Tutor|219
658|Gabrielle|Gutierrez|1999-06-20|445775575|candace84@example.net|F|25870574581|Tutor|220
659|Jennifer|Young|1973-03-11|755400298|hdelgado@example.net|F|36151780485|Tutor|220
660|Lauren|Butler|1995-08-27|960782821|bethanyjohnson@example.net|F|70789141870|Tutor|220
661|Julia|Hill|1968-09-11|961780453|stanleyjohn@example.com|M|13000996454|Tutor|221
662|Karen|Nash|1982-03-14|672868408|holly33@example.org|M|77541631803|Tutor|221
663|Stephanie|Becker|1960-09-26|090644677|hughesjonathan@example.org|F|37524574788|Tutor|221
664|Sierra|Pitts|1985-08-03|806775122|ygreen@example.org|F|64953733695|Tutor|222
665|Erica|Sosa|1986-04-23|669294539|turnerjohn@example.org|F|85018404974|Tutor|222
666|Stephanie|Stewart|2004-05-10|684058470|qjames@example.net|M|42138311452|Tutor|222
667|Travis|Barnett|1985-10-07|890347702|eric02@example.org|M|84985628743|Tutor|223
668|Cheryl|Murray|2004-03-19|830243732|nicholasstrong@example.com|F|48836323665|Tutor|223
669|Mark|Jones|1980-06-11|263916441|michaelking@example.org|F|07445621194|Tutor|223
670|Joshua|Thomas|1969-06-05|944594956|johnstonrebecca@example.com|M|02496943771|Tutor|224
671|Angel|Hanna|1996-05-31|384353376|iwelch@example.net|F|91152871786|Tutor|224
672|Cindy|Wilson|1964-07-13|481676316|bwebb@example.com|F|99049572166|Tutor|224
673|Rachel|Mejia|1976-12-31|438266170|penny71@example.net|F|37132009827|Tutor|225
674|Christopher|Berry|1991-04-15|263044860|iturner@example.com|F|22857174033|Tutor|225
675|Ryan|Sanford|1978-05-31|032760492|tinahood@example.org|M|14640916459|Tutor|225
676|Caitlyn|Howard|1975-12-30|734027976|fshaw@example.net|M|13950562482|Tutor|226
677|Bianca|Walker|1964-11-08|116367068|morrisjeffrey@example.org|F|49704444930|Tutor|226
678|Kimberly|Walls|1984-10-26|639976748|tschmidt@example.net|F|55758224459|Tutor|226
679|Jeremy|Vazquez|1971-09-23|528721804|alexandra01@example.com|F|05481005470|Tutor|227
680|Kenneth|Gardner|1959-07-26|597675850|andrewwatson@example.net|F|85298394998|Tutor|227
681|Kenneth|Parks|1986-12-24|827728855|dixonmonica@example.org|M|77879829534|Tutor|227
682|Matthew|Jensen|1964-08-17|401658123|ahuynh@example.net|M|16447592184|Tutor|228
683|Michael|Powers|1998-05-04|387774769|cvance@example.net|F|48569527420|Tutor|228
684|David|Chase|2002-06-19|382173296|iwatkins@example.org|M|45080674730|Tutor|228
685|Scott|Myers|1963-12-23|228592310|diana52@example.net|M|69902151146|Tutor|229
686|David|Morton|1977-09-28|196443177|dalvarado@example.org|F|23637964898|Tutor|229
687|Michael|Lara|1985-12-01|617440928|gmccann@example.org|F|47481667810|Tutor|229
688|Daniel|Schmitt|1999-07-14|088760435|jennifer50@example.org|F|23300940165|Tutor|230
689|Dean|Powers|1990-05-02|982268551|william54@example.org|F|85137241229|Tutor|230
690|William|Rogers|1987-10-23|656851890|charlesjesus@example.net|M|21253082889|Tutor|230
691|Dale|Finley|1980-03-13|716428404|rhonda20@example.net|M|27725705107|Tutor|231
692|Ashlee|Russell|1986-04-09|938008561|cunninghamdouglas@example.com|M|06014071966|Tutor|231
693|David|Dixon|1964-10-31|100279032|thomaskelli@example.net|F|34901076590|Tutor|231
694|Michael|Lewis|1989-09-19|391679864|bakerchristopher@example.net|M|52863156249|Tutor|232
695|Brandon|Lopez|1968-08-26|444433798|codybrooks@example.org|F|98405654785|Tutor|232
696|Richard|Hernandez|1979-07-28|130591199|jennifer75@example.org|F|39143961683|Tutor|232
697|Matthew|Short|2004-08-12|782910229|charlene75@example.com|F|69403062358|Tutor|233
698|Gary|Maddox|1960-09-14|024450052|antoniowilson@example.org|M|09410972024|Tutor|233
699|Katie|Watson|2000-04-09|062070033|hpollard@example.com|F|54316267920|Tutor|233
700|Joseph|Scott|1988-05-30|404259004|christy16@example.org|M|02050066336|Tutor|234
701|William|Cunningham|1999-12-21|320011455|cabrerakimberly@example.com|M|57000248200|Tutor|234
702|Nicholas|Rivera|1997-07-05|717853764|crystal58@example.org|M|49992514658|Tutor|234
703|Monica|York|1988-04-09|567386784|sharontrujillo@example.com|M|83296454543|Tutor|235
704|Craig|Reed|1988-09-10|279909412|lmoore@example.org|M|84265771311|Tutor|235
705|Luis|Wiley|1993-08-30|823022140|torreslinda@example.org|F|75446155306|Tutor|235
706|Michelle|Saunders|1977-07-05|034443040|hardindustin@example.net|M|87043579211|Tutor|236
707|Jonathan|Harris|1990-09-09|321541868|jonesrachel@example.com|M|70691410088|Tutor|236
708|Mary|Powell|2004-01-08|256273826|bakerwilliam@example.com|F|29880924822|Tutor|236
709|Kristin|Parrish|1985-11-24|366283112|burnsandrew@example.org|M|34105015483|Tutor|237
710|Russell|Murphy|1983-11-08|341344913|patricia68@example.org|M|24675511653|Tutor|237
711|Jennifer|Valencia|1998-07-08|701193797|chapmanjeremy@example.org|M|17359966644|Tutor|237
712|Brooke|Brown|1995-11-15|352256330|jsuarez@example.net|M|30229994934|Tutor|238
713|Steve|Mendez|1966-11-27|275651779|hollandkathryn@example.org|F|18728176307|Tutor|238
714|Troy|Hess|1971-05-12|414275800|nicholasbrady@example.org|M|99497958223|Tutor|238
715|David|Williams|1997-11-21|791258315|mhancock@example.net|F|22582467557|Tutor|239
716|Brian|King|2000-06-27|472131331|robertsonsandy@example.org|F|86083231571|Tutor|239
717|Crystal|Smith|1989-10-20|648510105|christopher55@example.net|M|35747322078|Tutor|239
718|Dennis|Paul|1972-10-04|735087057|brennankaren@example.net|M|25534629528|Tutor|240
719|Joseph|Knight|1995-09-03|596367575|patricia66@example.net|F|85243656275|Tutor|240
720|Hannah|Reynolds|1983-06-28|539969023|aswanson@example.com|F|27111573868|Tutor|240
721|Mary|Jordan|1964-03-24|827165140|cdavidson@example.net|F|80572373907|Photographer|241
722|Jorge|Cooper|1999-03-08|729280957|luke32@example.net|M|51870846892|Photographer|241
723|Kevin|Shah|1981-06-14|823847617|kimgriffin@example.com|F|20867773077|Photographer|241
724|Randy|Griffin|1998-07-14|654300264|npatterson@example.net|M|83179185504|Photographer|242
725|Edward|Wells|1992-08-03|892762563|qschultz@example.net|F|42374222670|Photographer|242
726|Linda|Williamson|1979-01-07|090846668|stewartkatherine@example.net|M|43239712930|Photographer|242
727|Howard|Howard|1970-05-19|279413726|ujohnson@example.org|M|84901238877|Photographer|243
728|Tara|Day|1963-10-08|708528266|grace11@example.org|M|13305350727|Photographer|243
729|Tiffany|Wilkins|1972-08-04|209950854|melissa96@example.com|F|23056170205|Photographer|243
730|Brenda|Hoffman|1979-01-28|091342947|amanda91@example.net|M|87640774839|Photographer|244
731|Lindsey|Flores|1963-05-12|656952260|bellwyatt@example.com|F|27637396148|Photographer|244
732|Brenda|Jordan|2001-12-18|599006515|matthew02@example.net|M|91589867710|Photographer|244
733|Denise|Booth|1999-06-29|626820904|jeremy58@example.com|F|71189993579|Photographer|245
734|Rebecca|Campos|2006-01-13|788914219|pwells@example.org|F|48125128352|Photographer|245
735|Debra|Ortega|1978-10-31|435108808|pnicholson@example.com|F|69580767911|Photographer|245
736|Michelle|Simpson|1996-07-16|512228047|ucox@example.com|F|21605496030|Photographer|246
737|Tracy|Holland|1987-07-02|794142312|jenkinspatricia@example.com|M|19838681289|Photographer|246
738|Bianca|Schaefer|1994-09-27|750154015|kelly01@example.net|M|81806066674|Photographer|246
739|Matthew|Sullivan|2002-12-03|964442981|gregorybarker@example.net|M|40438976051|Photographer|247
740|Stephen|May|1997-05-14|869163866|katie94@example.com|M|13778645515|Photographer|247
741|Brenda|Campbell|1998-04-19|004394371|jessicamorgan@example.net|F|81278005292|Photographer|247
742|Haley|King|1990-05-01|958730286|ianderson@example.net|F|13230843968|Photographer|248
743|Justin|Pope|1959-06-07|520403353|meyersgina@example.com|M|47784247850|Photographer|248
744|Cheryl|Lopez|1988-05-22|451234032|andrewandrews@example.net|M|88143858226|Photographer|248
745|Susan|Sullivan|1987-03-06|571344237|zachary17@example.net|F|01702282165|Photographer|249
746|Melissa|Browning|1959-04-30|706302777|bprince@example.net|M|24626552008|Photographer|249
747|Jennifer|Salazar|1969-11-28|019534482|patkins@example.net|M|39879219530|Photographer|249
748|Charlotte|Smith|1958-06-20|219315682|ithompson@example.org|F|53253250559|Photographer|250
749|Kevin|Edwards|1973-04-07|899342159|victoria97@example.net|F|16673634155|Photographer|250
750|Jason|Bright|1994-02-16|861827179|marnold@example.org|M|27697539887|Photographer|250
751|Jennifer|Greene|1969-11-27|317594936|nicolecollins@example.com|M|04885191129|Photographer|251
752|Curtis|Tran|1961-03-01|780810021|thompsonchristine@example.net|M|94842510738|Photographer|251
753|Douglas|Taylor|1977-06-20|380288180|hbaxter@example.org|M|08484138682|Photographer|251
754|Jennifer|Mendez|1965-03-13|653392363|brookeobrien@example.org|M|24142020206|Photographer|252
755|Catherine|Weaver|1972-03-23|411240694|sarah35@example.com|F|83768765025|Photographer|252
756|Gloria|Woods|1959-05-12|317217460|brandon88@example.org|M|60640872561|Photographer|252
757|Nancy|Smith|1964-09-23|516427788|kimberly83@example.org|F|66321382886|Photographer|253
758|Michael|Rogers|1993-01-30|562149004|priceryan@example.net|F|44205404097|Photographer|253
759|Sharon|Jenkins|1958-11-11|326713425|brooksmatthew@example.org|F|32442664131|Photographer|253
760|Bonnie|Montes|1985-01-01|069677281|larsonelizabeth@example.org|F|64347060478|Photographer|254
761|Ana|Murphy|1986-06-29|127705804|april48@example.org|F|91789990633|Photographer|254
762|Danielle|Robinson|1964-10-11|951409966|tsoto@example.net|M|22326657235|Photographer|254
763|William|Cook|1996-07-10|433399012|brian52@example.org|M|13246747756|Photographer|255
764|Crystal|Campbell|1973-10-06|270901061|cheryl66@example.net|F|89246346638|Photographer|255
765|Cynthia|Gardner|2001-11-17|842098098|mhunt@example.org|M|40293469884|Photographer|255
766|Kimberly|Nash|1960-06-03|109119967|james53@example.org|F|84568333079|Photographer|256
767|John|Stuart|1959-08-03|076419903|monique94@example.com|F|29727061686|Photographer|256
768|Brittany|Allison|2001-04-17|311613046|heather10@example.com|F|79631293070|Photographer|256
769|Teresa|Phillips|1963-08-30|221229716|kathrynanderson@example.com|M|61007998976|Photographer|257
770|David|Edwards|1971-01-20|678528016|vmorales@example.com|M|44311616961|Photographer|257
771|Catherine|Jones|1985-08-04|532495968|jenniferperez@example.net|F|61752573036|Photographer|257
772|Joshua|Santana|1984-09-17|012819073|ibernard@example.com|F|00664648414|Photographer|258
773|Vanessa|Stanton|1987-01-16|665507995|upalmer@example.com|F|02104484062|Photographer|258
774|David|Hill|1962-09-12|193132293|valenciakathryn@example.org|M|50975112538|Photographer|258
775|Ashley|Young|1989-04-03|326153930|sanchezkatie@example.org|F|90173035383|Photographer|259
776|James|Martinez|2001-01-31|685911191|bmedina@example.com|M|08228795838|Photographer|259
777|Glenda|Nelson|1964-07-08|803385560|jill65@example.com|M|53622059719|Photographer|259
778|Eric|Montgomery|1959-04-18|833116220|hpage@example.com|M|87536638794|Photographer|260
779|Karen|Diaz|1975-09-22|348010428|melissawhite@example.net|F|47453661788|Photographer|260
780|Andrea|Solomon|1985-11-04|257448290|coxsandra@example.org|F|25985218670|Photographer|260
781|Yvette|Young|1987-12-05|083851952|tcowan@example.org|M|84312751192|Photographer|261
782|Carla|Cochran|1990-06-20|552900344|campbelljohnny@example.org|M|99496948935|Photographer|261
783|Emily|Payne|1977-05-08|666929597|zmeyer@example.com|F|99561863252|Photographer|261
784|Deborah|Moore|1965-04-20|849077087|matthewmurillo@example.org|M|96950118332|Photographer|262
785|Christopher|Baker|1966-05-14|441637165|qmedina@example.com|M|60127577589|Photographer|262
786|Alicia|Robbins|1988-12-13|748821864|jessecampbell@example.com|M|44473767589|Photographer|262
787|Anthony|Lawson|1967-03-27|566313806|davisterri@example.com|M|70195560300|Photographer|263
788|Sharon|Adams|1985-09-17|271654318|qanderson@example.org|M|95518165972|Photographer|263
789|Joshua|Garcia|1969-04-19|188114663|pricechristopher@example.com|F|22386257736|Photographer|263
790|Mary|Reid|2004-03-13|009842047|hayescaleb@example.org|M|15334163015|Photographer|264
791|Darren|King|1978-06-24|391057117|kirkseth@example.net|F|03500642751|Photographer|264
792|Amanda|Odonnell|1975-05-26|312963281|yangrebecca@example.org|F|15319529294|Photographer|264
793|Kellie|Lester|1985-11-06|445290046|robertwolfe@example.org|F|62784699439|Photographer|265
794|Renee|Johnston|1979-08-07|677768491|qherrera@example.org|M|45083271393|Photographer|265
795|Sean|Thomas|1975-12-10|464364378|johnmiller@example.net|M|29964454235|Photographer|265
796|Jessica|Saunders|1973-06-28|674262988|christy31@example.net|M|99338058271|Photographer|266
797|Kelly|Ross|1975-07-21|476951130|vazquezveronica@example.org|M|24454506156|Photographer|266
798|Brittany|Robinson|1978-10-22|218855369|huntlaura@example.org|F|40288340798|Photographer|266
799|Jennifer|Collins|1980-10-17|709328688|rileywanda@example.net|F|20145384062|Photographer|267
800|Jacqueline|Thornton|1973-12-19|138980011|frederick14@example.com|F|40107977898|Photographer|267
801|Maria|Ramos|1991-01-18|304073813|logan33@example.com|F|43357075381|Photographer|267
802|Jeremy|Jones|2004-10-24|120796821|moorechristine@example.com|M|76223454956|Photographer|268
803|Chloe|Williams|1971-01-11|187654610|nancy63@example.net|F|07801816062|Photographer|268
804|Jennifer|Burch|1993-02-06|121483483|qgilbert@example.net|F|22820830796|Photographer|268
805|Alexandra|Allen|1964-02-25|256655210|cynthiaparks@example.org|F|50897200989|Photographer|269
806|Tiffany|Barnes|2006-01-18|716449489|ulawson@example.net|F|87790229401|Photographer|269
807|Sherri|Yang|1972-11-15|946996596|nward@example.net|M|06154471149|Photographer|269
808|Daniel|Kent|2003-08-21|008637843|jasonherrera@example.com|M|73868920564|Photographer|270
809|Jeffrey|Martinez|1987-04-30|257533050|gwells@example.net|M|37222294039|Photographer|270
810|Shawn|Anthony|2004-04-27|516248468|jill86@example.net|F|41680819418|Photographer|270
811|Corey|Wallace|1982-06-04|117075441|ngonzalez@example.com|M|15050223959|Cleaner|271
812|John|Griffin|1974-02-14|398523711|wlang@example.org|F|21905084079|Cleaner|271
813|Anna|Kelly|1965-03-27|234383451|snowandrew@example.org|M|52523988150|Cleaner|271
814|Daniel|Evans|1961-01-03|117420865|mannkyle@example.org|F|05077405853|Cleaner|272
815|Leonard|Crawford|1994-11-28|944327242|vshepard@example.net|M|79918665168|Cleaner|272
816|Tracy|Koch|1986-01-17|867229637|bwarner@example.net|M|17288420764|Cleaner|272
817|Patrick|Contreras|1969-05-20|444277194|bookerjon@example.net|M|31145716530|Cleaner|273
818|Kristen|Atkins|1976-06-08|599814607|benjamin68@example.com|F|56581029951|Cleaner|273
819|Shannon|White|2001-09-25|015065988|jennifer55@example.org|F|02505213979|Cleaner|273
820|Cynthia|Velasquez|1978-06-07|348868395|mike81@example.net|M|70468144621|Cleaner|274
821|Edward|Miller|2003-05-06|934730869|matthew95@example.com|M|28559433342|Cleaner|274
822|Chad|Jordan|1973-04-09|360798654|courtneyfreeman@example.net|F|49008320820|Cleaner|274
823|Sandra|Franco|2000-07-18|889023497|matthewsshane@example.org|F|95442565670|Cleaner|275
824|Steven|Richmond|1964-10-22|436467427|wilsonerin@example.net|F|81607562742|Cleaner|275
825|Julia|Jones|1994-03-04|989986368|ellismartin@example.com|M|88726518279|Cleaner|275
826|Alexandra|Sharp|2000-11-01|798915163|mariemay@example.org|M|96258055029|Cleaner|276
827|Melissa|Pena|1985-01-04|926561208|wendyjohnson@example.net|F|81784709234|Cleaner|276
828|Kimberly|Harrington|1991-06-10|711917335|amiller@example.com|F|35369405788|Cleaner|276
829|Thomas|Wise|1980-01-11|821159432|smithkimberly@example.com|M|85943793219|Cleaner|277
830|Margaret|Adams|1992-02-14|708045346|millerwarren@example.net|F|53968440662|Cleaner|277
831|Julie|Hendrix|1978-05-11|973456570|qgilbert@example.org|F|04596633876|Cleaner|277
832|Jasmine|Allen|1971-08-21|542253599|lewisrobert@example.net|F|36474272961|Cleaner|278
833|Alexander|Johnson|1964-03-27|904490071|ricejason@example.net|F|35493582875|Cleaner|278
834|Mary|Daniels|1985-10-13|307951540|molly41@example.net|F|30975067205|Cleaner|278
835|Jesse|Cox|1976-05-26|873747375|stephaniehall@example.net|M|94982751143|Cleaner|279
836|Mary|Williams|1988-05-31|288040855|johnsonthomas@example.org|M|94141546716|Cleaner|279
837|Matthew|Salinas|1959-10-18|229307789|kbutler@example.org|M|09502133974|Cleaner|279
838|Shaun|Tate|1967-09-03|570833063|travis46@example.com|M|35102177436|Cleaner|280
839|Karen|Jackson|2005-08-08|511469627|gcarpenter@example.net|F|26063844172|Cleaner|280
840|Cheyenne|Chen|1996-09-22|857018695|dbrown@example.net|M|35797344494|Cleaner|280
841|David|Randolph|1984-05-25|050234388|gevans@example.org|M|72486780194|Cleaner|281
842|Sarah|Perry|1964-08-15|495566991|fbates@example.org|F|53504409466|Cleaner|281
843|Jonathan|Allen|1964-11-05|448988649|tmoore@example.org|M|78313829316|Cleaner|281
844|Candice|Hansen|2006-03-31|072148625|neilbennett@example.org|F|40498788548|Cleaner|282
845|Kevin|Gomez|1997-02-18|865532324|westbrendan@example.com|M|48465515919|Cleaner|282
846|William|Oneal|1972-11-10|751740675|johnwashington@example.com|M|08367409439|Cleaner|282
847|Chad|Baker|1971-03-31|635169922|pricesarah@example.com|M|96617270723|Cleaner|283
848|Marie|Norton|1963-02-02|813435508|susan64@example.org|F|53463118577|Cleaner|283
849|Teresa|Hogan|1967-06-21|655522681|sarabarrett@example.org|M|95462229212|Cleaner|283
850|Eric|Taylor|1962-03-19|266499858|gail53@example.com|F|44576927505|Cleaner|284
851|April|Weeks|1973-05-14|996061037|nicholebarnett@example.net|M|77376798888|Cleaner|284
852|Thomas|Fuentes|1966-12-30|628408006|meyerlisa@example.net|F|63776455308|Cleaner|284
853|Jason|Gonzalez|1995-12-07|371010224|davischarles@example.org|F|01122030202|Cleaner|285
854|William|Fernandez|1976-01-10|132741289|riveralucas@example.com|M|65307013255|Cleaner|285
855|Catherine|Cunningham|1961-01-11|942817735|jason89@example.org|M|66461734100|Cleaner|285
856|Troy|Lee|1990-04-07|909393193|kimberlynguyen@example.org|F|31047226398|Cleaner|286
857|James|White|1997-10-19|872373649|christopher52@example.org|M|57377545489|Cleaner|286
858|Daisy|King|1974-02-01|611032542|gbush@example.org|F|78951977517|Cleaner|286
859|Devin|Merritt|1993-10-30|903877128|kellicortez@example.org|M|33356693817|Cleaner|287
860|John|Martin|1966-02-25|658310184|johnsonveronica@example.net|M|99893913321|Cleaner|287
861|Mary|Martinez|1967-08-28|727265622|joseph18@example.net|M|37340180032|Cleaner|287
862|Steve|Smith|1991-04-13|120524734|smithpatrick@example.org|F|39179994523|Cleaner|288
863|Stephanie|Kramer|2005-08-10|214680287|wilsonalexandria@example.net|F|27350905998|Cleaner|288
864|Christopher|Petty|1962-11-18|801850127|xramsey@example.org|F|18026229816|Cleaner|288
865|David|Coleman|1982-10-24|257095022|megan87@example.net|M|91391800716|Cleaner|289
866|Denise|Garcia|1989-12-03|410133919|wolfbrandon@example.org|M|16229335471|Cleaner|289
867|Norma|White|1969-02-22|812866779|ramirezjohn@example.com|F|77099707808|Cleaner|289
868|Corey|Campbell|1991-10-04|857722369|jgrant@example.org|M|84198761761|Cleaner|290
869|Scott|Riley|1979-06-07|140861947|kelli59@example.net|F|62580554251|Cleaner|290
870|Laura|Nguyen|1979-10-01|694095286|carrollleslie@example.com|F|08916538715|Cleaner|290
871|Patrick|Beck|1975-08-17|189079297|tony30@example.net|F|34316514985|Cleaner|291
872|Jason|Parker|1968-02-19|761570952|anthonyjessica@example.net|F|22850368158|Cleaner|291
873|Paul|Dickson|1974-10-11|934080684|catherine01@example.com|F|17738862138|Cleaner|291
874|Frank|Hernandez|1971-07-16|896214213|wardjacqueline@example.com|F|17169312537|Cleaner|292
875|Anthony|Flores|1961-04-21|466864840|rcook@example.com|M|44473232857|Cleaner|292
876|Brenda|Silva|1999-01-12|398225333|frank41@example.org|F|27981348884|Cleaner|292
877|Hannah|Bradley|2003-07-29|301566971|kathryn03@example.org|M|58198888428|Cleaner|293
878|Melissa|Larsen|1992-11-22|383384905|burgessmiguel@example.org|F|68820814825|Cleaner|293
879|Diane|Mendoza|1967-04-25|796979453|romeroheather@example.net|M|69200473442|Cleaner|293
880|Kimberly|Smith|1974-05-24|204514529|xrios@example.net|F|47271878335|Cleaner|294
881|Shane|George|2001-03-13|811560938|carteramber@example.org|M|99287011967|Cleaner|294
882|Mark|Henry|1987-08-18|753997195|rdickerson@example.com|F|14423855174|Cleaner|294
883|Christopher|Haas|1969-01-13|147253147|julie61@example.org|F|00280786090|Cleaner|295
884|Connor|Estrada|1978-07-07|036980664|fwatkins@example.com|M|21828777052|Cleaner|295
885|Betty|Roth|1977-03-16|636913440|stephaniemullen@example.com|F|23297766125|Cleaner|295
886|Rebecca|Aguilar|1994-02-13|880194784|changanthony@example.com|M|54361469166|Cleaner|296
887|Scott|Morris|1965-07-01|807901784|seanberry@example.org|F|54759340951|Cleaner|296
888|Mary|Schmidt|1965-11-17|694603372|wilsonandrew@example.net|F|55927079513|Cleaner|296
889|Sarah|Holmes|1985-04-10|607148065|elizabeth17@example.net|F|38571190364|Cleaner|297
890|Christopher|Edwards|1972-09-28|647520469|nbaker@example.org|M|32282021265|Cleaner|297
891|Wendy|Perez|1976-11-10|559200463|reynoldscheryl@example.org|F|87940259210|Cleaner|297
892|Sean|Morris|1981-01-02|881803471|heather70@example.org|M|05270982700|Cleaner|298
893|Amber|Kelley|1983-03-07|073204529|morganrebecca@example.org|M|48861858800|Cleaner|298
894|Matthew|Matthews|1997-03-24|317187756|collinslisa@example.org|F|19352295526|Cleaner|298
895|Melissa|Valdez|1992-01-20|595407030|torresstephen@example.com|F|25285143104|Cleaner|299
896|Amy|Clark|1983-09-17|007695602|jpeters@example.net|M|37459442241|Cleaner|299
897|Jonathan|Bell|1999-08-16|883247680|mwalter@example.com|F|86428724816|Cleaner|299
898|Betty|Williams|1981-12-14|390612047|david30@example.net|M|55943060692|Cleaner|300
899|Kimberly|Gutierrez|1960-08-11|535002770|jessica84@example.org|F|09759265446|Cleaner|300
900|Helen|Burns|1984-06-06|324080961|debra77@example.org|M|15115455254|Cleaner|300
